Owner,Name,Stars,IdadeMeses,PRsMes,ReleasesMes,DiasDesdeAtualizacao,LinguagemPrincipal,TotalIssues,ClosedIssues,PercentualIssuesFechadas
Snailclimb,JavaGuide,151552,88,13.45,0.00,0,Java,1104,1032,93.48
krahets,hello-algo,116064,34,27.82,0.26,0,Java,270,258,95.56
GrowingGit,GitHub-Chinese-Top-Charts,101851,72,0.00,0.00,0,Java,340,161,47.35
iluwatar,java-design-patterns,92617,133,11.33,0.00,0,Java,959,830,86.55
macrozheng,mall,81462,89,0.01,0.03,0,Java,497,487,97.99
spring-projects,spring-boot,78289,155,0.27,2.06,0,Java,39352,38776,98.54
doocs,advanced-java,78196,83,1.06,0.01,0,Java,147,146,99.32
MisterBooo,LeetCodeAnimation,76442,81,0.78,0.00,0,Java,62,42,67.74
elastic,elasticsearch,73703,187,433.45,1.10,0,Java,40779,36453,89.39
Stirling-Tools,Stirling-PDF,64956,32,71.34,4.22,0,Java,1403,1079,76.91
kdn251,interviews,64434,103,0.41,0.00,0,Java,56,24,42.86
TheAlgorithms,Java,63244,110,18.42,0.00,0,Java,1110,1108,99.82
NationalSecurityAgency,ghidra,59906,78,6.73,0.59,0,Java,5551,4093,73.73
spring-projects,spring-framework,58777,177,4.93,1.93,0,Java,27141,26859,98.96
google,guava,51074,136,7.51,0.41,0,Java,3624,2995,82.64
ReactiveX,RxJava,48279,152,21.91,1.59,0,Java,3171,3159,99.62
skylot,jadx,45351,150,3.85,0.21,0,Java,1922,1528,79.50
dbeaver,dbeaver,45136,119,51.61,1.94,0,Java,19400,16359,84.32
termux,termux-app,44712,119,1.36,0.80,0,Java,2929,2525,86.21
jeecgboot,JeecgBoot,43756,82,1.49,0.74,0,Java,7622,7596,99.66
apache,dubbo,41284,159,36.41,0.70,0,Java,7282,6478,88.96
PhilJay,MPAndroidChart,38109,137,1.39,0.32,0,Java,4964,2899,58.40
eugenp,tutorials,37247,149,89.91,0.00,0,Java,789,772,97.85
halo-dev,halo,36804,90,29.09,2.51,0,Java,4333,4030,93.01
alibaba,arthas,36679,85,6.36,0.69,0,Java,2096,1723,82.20
geekxh,hello-algorithm,35755,64,0.41,0.00,0,Java,44,33,75.00
airbnb,lottie-android,35457,107,6.66,0.55,0,Java,1780,1745,98.03
TeamNewPipe,NewPipe,34969,120,13.88,1.14,0,Java,9653,8425,87.28
bumptech,glide,34945,146,4.04,0.36,0,Java,4493,3930,87.47
doocs,leetcode,34873,84,49.10,0.25,0,Java,56,56,100.00
netty,netty,34402,178,25.03,0.00,0,Java,6723,6111,90.90
xkcoding,spring-boot-demo,33881,94,0.16,0.00,0,Java,173,73,42.20
Blankj,AndroidUtilCode,33631,110,0.80,1.06,0,Java,1589,1280,80.55
alibaba,easyexcel,33610,91,2.09,0.15,0,Java,3620,3131,86.49
zxing,zxing,33565,167,1.94,0.19,0,Java,1327,1322,99.62
SeleniumHQ,selenium,33096,152,20.01,0.71,0,Java,10953,10794,98.55
YunaiV,ruoyi-vue-pro,33062,56,1.14,0.82,0,Java,656,654,99.70
alibaba,nacos,32011,87,36.41,0.97,0,Java,9176,8924,97.25
binarywang,WxJava,31850,116,9.09,0.26,0,Java,2375,2307,97.14
apache,kafka,30818,169,70.23,0.00,0,Java,0,0,0.00
ityouknow,spring-boot-examples,30592,106,0.07,0.00,0,Java,109,99,90.83
chinabugotech,hutool,30040,137,3.34,1.12,0,Java,3002,2997,99.83
apolloconfig,apollo,29634,114,12.71,0.36,0,Java,3358,3212,95.65
keycloak,keycloak,29364,146,120.84,0.60,0,Java,15379,13390,87.07
alibaba,canal,29354,152,3.11,0.21,0,Java,4732,3570,75.44
xuxueli,xxl-job,29248,118,0.98,0.33,0,Java,3244,3037,93.62
wuyouzhuguli,SpringAll,28943,88,0.01,0.00,0,Java,48,27,56.25
alibaba,spring-cloud-alibaba,28732,93,11.63,0.52,0,Java,2502,2310,92.33
alibaba,druid,28188,166,9.16,0.31,0,Java,4540,2285,50.33
lenve,vhr,27933,92,0.01,0.00,0,Java,254,97,38.19
DrKLO,Telegram,27470,143,0.14,0.66,0,Java,0,0,0.00
conductor-oss,conductor,27339,21,11.14,1.19,0,Java,154,92,59.74
crossoverJie,JCSprout,27074,93,0.74,0.00,1,Java,89,59,66.29
qiurunze123,miaosha,26495,84,0.24,0.00,1,Java,82,80,97.56
apache,incubator-seata,25780,81,31.49,0.54,0,Java,4170,3372,80.86
alibaba,fastjson,25757,166,2.52,0.51,0,Java,3630,1695,46.69
ashishps1,awesome-system-design-resources,25726,23,0.09,0.00,0,Java,23,20,86.96
JakeWharton,butterknife,25491,150,2.31,0.00,0,Java,1193,1091,91.45
hollischuang,toBeTopJavaer,25462,83,0.63,0.00,0,Java,129,71,55.04
apache,flink,25218,135,78.19,0.00,0,Java,0,0,0.00
scwang90,SmartRefreshLayout,25150,99,0.12,0.14,0,Java,1563,1235,79.01
proxyee-down-org,proxyee-down,24868,95,0.17,0.52,1,Java,0,0,0.00
greenrobot,EventBus,24759,158,0.20,0.04,0,Java,589,488,82.85
OpenAPITools,openapi-generator,24732,88,110.85,0.83,0,Java,9310,4433,47.62
Anuken,Mindustry,24729,101,38.24,1.66,0,Java,4927,4926,99.98
bazelbuild,bazel,24512,135,14.77,1.54,0,Java,15350,13745,89.54
apache,skywalking,24503,118,41.02,0.53,0,Java,5599,5534,98.84
Netflix,Hystrix,24394,154,4.40,0.51,2,Java,1038,682,65.70
jenkinsci,jenkins,24378,178,48.64,2.48,0,Java,0,0,0.00
libgdx,libgdx,24321,157,17.54,0.09,0,Java,3825,3576,93.49
yuliskov,SmartTube,24304,62,21.40,14.68,0,Java,3330,639,19.19
CodePhiliaX,Chat2DB,24182,27,15.67,1.59,0,Java,0,0,0.00
redisson,redisson,24011,140,4.39,1.24,0,Java,5590,5324,95.24
google,gson,24007,126,6.10,0.09,0,Java,1648,1421,86.23
doocs,source-code-hunter,22937,71,1.83,0.00,0,Java,35,27,77.14
alibaba,Sentinel,22891,89,5.66,0.28,0,Java,2321,1630,70.23
iBotPeaches,Apktool,22827,162,3.60,0.16,0,Java,2962,2875,97.06
EnterpriseQualityCoding,FizzBuzzEnterpriseEdition,22756,154,0.36,0.00,0,Java,600,91,15.17
apache,rocketmq,22065,106,24.79,0.21,0,Java,4672,4458,95.42
google,ExoPlayer,21872,135,4.07,0.21,0,Java,10142,9512,93.79
elunez,eladmin,21766,81,1.00,0.01,0,Java,697,691,99.14
dataease,dataease,21691,55,179.42,1.76,0,Java,6718,6641,98.85
openjdk,jdk,21632,84,0.17,0.00,0,Java,0,0,0.00
LSPosed,LSPosed,21458,57,28.30,0.68,0,Java,0,0,0.00
CarGuo,GSYVideoPlayer,21068,106,0.41,0.50,0,Java,3869,3855,99.64
oracle,graal,21065,116,49.66,0.28,0,Java,4447,3795,85.34
brettwooldridge,HikariCP,20690,143,1.79,0.00,0,Java,1898,1404,73.97
kestra-io,kestra,20573,73,61.66,4.15,0,Java,4182,3784,90.48
kunal-kushwaha,DSA-Bootcamp-Java,20523,50,4.62,0.00,0,Java,355,168,47.32
apache,shardingsphere,20439,116,197.38,0.50,0,Java,11682,11147,95.42
didi,DoKit,20392,85,4.19,0.16,1,Java,727,490,67.40
mybatis,mybatis-3,20217,151,9.88,0.30,0,Java,1367,1241,90.78
ReactiveX,RxAndroid,20041,133,1.40,0.15,0,Java,352,351,99.72
linlinjava,litemall,19887,90,1.22,0.09,1,Java,372,332,89.25
yudaocode,SpringBoot-Labs,19847,84,0.04,0.00,0,Java,45,16,35.56
thingsboard,thingsboard,19645,105,48.00,0.67,0,Java,7564,7124,94.18
xiaojieonly,Ehviewer_CN_SXJ,19501,58,0.62,1.83,0,Java,1967,1671,84.95
dianping,cat,18929,153,5.88,0.02,0,Java,1280,1086,84.84
Baseflow,PhotoView,18873,158,0.34,0.03,0,Java,683,477,69.84
JetBrains,intellij-community,18735,168,0.64,0.02,0,Java,0,0,0.00
antlr,antlr4,18288,187,8.18,0.17,0,Java,2385,1511,63.35
williamfiset,Algorithms,18187,102,0.79,0.00,0,Java,180,118,65.56
Tencent,APIJSON,18154,106,1.32,1.03,0,Java,675,445,65.93
dromara,Sa-Token,18128,67,0.96,0.57,0,Java,687,582,84.72
forezp,SpringCloudLearning,17973,101,0.00,0.00,1,Java,53,12,22.64
LMAX-Exchange,disruptor,17971,156,0.74,0.09,0,Java,325,315,96.92
YunaiV,yudao-cloud,17806,76,0.28,0.42,0,Java,140,138,98.57
ashishps1,awesome-low-level-design,17661,22,2.55,0.00,0,Java,56,24,42.86
Tencent,tinker,17504,108,0.67,0.56,0,Java,1618,1084,67.00
openzipkin,zipkin,17292,159,11.99,0.61,0,Java,1339,1170,87.38
infinilabs,analysis-ik,17193,165,0.41,0.01,0,Java,987,621,62.92
justauth,JustAuth,17168,80,0.80,0.57,0,Java,142,79,55.63
facebook,fresco,17135,126,0.66,0.44,0,Java,2323,2082,89.63
baomidou,mybatis-plus,17093,109,4.83,0.35,0,Java,5652,5586,98.83
ben-manes,caffeine,17006,129,4.74,0.55,0,Java,752,751,99.87
material-components,material-components-android,16931,105,0.14,1.06,0,Java,3427,2784,81.24
nostra13,Android-Universal-Image-Loader,16903,166,0.31,0.00,0,Java,1228,773,62.95
alibaba,DataX,16783,92,1.96,0.08,0,Java,1657,531,32.05
winterbe,java8-tutorial,16781,138,0.07,0.00,0,Java,0,0,0.00
shuzheng,zheng,16732,107,0.09,0.00,1,Java,98,62,63.27
Grasscutters,Grasscutter,16652,41,22.93,0.49,0,Java,1089,945,86.78
heibaiying,BigData-Notes,16632,78,0.09,0.00,0,Java,42,23,54.76
JeffLi1993,springboot-learning-example,16560,103,0.06,0.00,0,Java,78,63,80.77
prestodb,presto,16485,157,80.22,0.08,0,Java,7019,5187,73.90
gyoogle,tech-interview-for-developer,16443,75,1.93,0.00,0,Java,46,37,80.43
questdb,questdb,16039,137,22.38,0.68,0,Java,2164,1464,67.65
android-hacker,VirtualXposed,15818,93,0.43,0.54,0,Java,1087,942,86.66
dyc87112,SpringBoot-Learning,15791,109,0.01,0.00,1,Java,49,14,28.57
android10,Android-CleanArchitecture,15565,133,0.11,0.00,0,Java,252,124,49.21
mockito,mockito,15271,155,9.82,1.43,0,Java,1763,1317,74.70
apache,hadoop,15239,133,33.75,0.00,0,Java,0,0,0.00
Konloch,bytecode-viewer,15195,131,1.08,0.47,0,Java,367,274,74.66
neo4j,neo4j,14999,154,51.53,0.47,0,Java,3839,3565,92.86
zhisheng17,flink-learning,14920,80,0.19,0.00,0,Java,0,0,0.00
quarkusio,quarkus,14882,86,278.80,4.79,0,Java,19307,16910,87.58
apache,pulsar,14834,111,125.64,1.00,0,Java,7250,6048,83.42
java-decompiler,jd-gui,14713,126,0.07,0.14,0,Java,400,181,45.25
elastic,logstash,14621,178,34.87,1.16,0,Java,6985,4993,71.48
eclipse-vertx,vert.x,14557,171,11.28,0.00,0,Java,2863,2742,95.77
hdodenhof,CircleImageView,14536,140,0.10,0.00,1,Java,373,369,98.93
Tencent,QMUI_Android,14514,101,0.21,0.35,0,Java,1135,709,62.47
alibaba,ARouter,14494,105,0.75,0.15,0,Java,911,786,86.28
supertokens,supertokens-core,14466,68,8.63,1.34,0,Java,525,398,75.81
arduino,Arduino,14413,180,3.97,0.21,0,Java,9881,9239,93.50
theonedev,onedev,14233,82,0.11,5.22,0,Java,0,0,0.00
deeplearning4j,deeplearning4j,14084,142,28.28,0.00,0,Java,5778,5140,88.96
zaproxy,zaproxy,14038,123,28.29,0.15,0,Java,5233,4408,84.23
GoogleContainerTools,jib,14011,92,25.21,1.83,0,Java,1723,1549,89.90
orhanobut,logger,13891,126,0.23,0.13,1,Java,205,135,65.85
Netflix,zuul,13876,150,6.65,0.19,0,Java,560,559,99.82
apache,druid,13814,155,71.85,0.44,0,Java,5209,4558,87.50
apache,dolphinscheduler,13790,78,86.69,0.68,0,Java,8021,7788,97.10
seaswalker,spring-analysis,13726,108,0.06,0.00,0,Java,16,4,25.00
pinpoint-apm,pinpoint,13704,131,57.23,0.47,0,Java,4648,4204,90.45
JessYanCoding,AndroidAutoSize,13689,85,0.05,0.16,0,Java,456,333,73.03
Curzibn,Luban,13678,110,0.10,0.05,0,Java,375,228,60.80
sqshq,piggymetrics,13670,126,0.17,0.02,0,Java,0,0,0.00
DuGuQiuBai,Java,13667,118,0.00,0.00,0,Java,70,19,27.14
lgvalle,Material-Animations,13631,126,0.10,0.00,0,Java,44,28,63.64
janishar,mit-deep-learning-book-pdf,13565,101,0.06,0.03,0,Java,18,6,33.33
cryptomator,cryptomator,13563,139,3.26,1.39,0,Java,2336,2071,88.66
tink-crypto,tink,13555,135,1.00,0.16,0,Java,469,469,100.00
LuckSiege,PictureSelector,13544,104,0.12,1.12,0,Java,2926,2389,81.65
languagetool-org,languagetool,13503,145,32.17,0.00,0,Java,6026,4029,66.86
Bigkoo,Android-PickerView,13482,129,0.25,0.00,0,Java,955,537,56.23
kekingcn,kkFileView,13287,93,1.85,0.17,0,Java,416,92,22.12
projectlombok,lombok,13257,195,1.98,0.00,0,Java,3341,2410,72.13
macrozheng,mall-learning,13247,77,0.00,0.00,1,Java,89,84,94.38
youth5201314,banner,13039,113,0.13,0.00,0,Java,1224,1182,96.57
pxb1988,dex2jar,12891,126,0.19,0.06,0,Java,591,215,36.38
ashishps1,awesome-leetcode-resources,12790,23,0.35,0.00,0,Java,10,5,50.00
Netflix,conductor,12776,105,11.50,3.04,0,Java,1577,1429,90.62
facebook,stetho,12710,128,2.10,0.10,0,Java,378,314,83.07
codecentric,spring-boot-admin,12672,134,19.02,1.01,0,Java,1744,1709,97.99
google,guice,12668,136,2.62,0.14,0,Java,1199,861,71.81
alibaba,COLA,12634,91,1.10,0.12,0,Java,339,271,79.94
greenrobot,greenDAO,12631,167,0.22,0.05,0,Java,992,797,80.34
Netflix,eureka,12617,158,4.82,0.96,1,Java,667,564,84.56
macrozheng,mall-swarm,12588,70,0.00,0.04,0,Java,119,113,94.96
apache,zookeeper,12588,198,1.18,0.00,0,Java,0,0,0.00
zhihu,Matisse,12570,101,0.66,0.15,0,Java,721,309,42.86
daimajia,AndroidViewAnimations,12472,135,0.16,0.07,3,Java,140,82,58.57
metersphere,metersphere,12431,67,332.21,2.67,0,Java,10475,10386,99.15
daimajia,AndroidSwipeLayout,12405,133,0.17,0.14,0,Java,506,148,29.25
pagehelper,Mybatis-PageHelper,12339,135,0.36,0.11,0,Java,769,708,92.07
redis,jedis,12145,183,8.32,0.62,1,Java,1901,1820,95.74
amitshekhariitbhu,android-interview-questions,12049,98,0.74,0.00,0,Java,35,24,68.57
Yalantis,uCrop,12039,116,0.99,0.17,0,Java,733,451,61.53
plantuml,plantuml,12019,178,3.47,0.32,0,Java,1363,830,60.90
Tencent,matrix,11897,81,2.05,0.20,1,Java,652,284,43.56
Tencent,VasSonic,11869,97,0.72,0.10,4,Java,245,203,82.86
grpc,grpc-java,11835,129,56.81,1.40,0,Java,3730,3286,88.10
trinodb,trino,11818,80,176.54,0.00,0,Java,7428,5128,69.04
Team-xManager,xManager,11805,55,1.58,0.93,0,Java,0,0,0.00
debezium,debezium,11790,116,47.60,0.00,0,Java,0,0,0.00
frank-lam,fullstack-tutorial,11683,89,0.29,0.00,0,Java,39,18,46.15
code4craft,webmagic,11618,149,0.94,0.22,0,Java,946,609,64.38
xpipe-io,xpipe,11529,32,0.53,3.69,0,Java,508,464,91.34
OpenRefine,OpenRefine,11492,155,21.97,0.46,0,Java,3244,2590,79.84
realm,realm-java,11485,161,16.88,0.00,1,Java,4596,4233,92.10
opensearch-project,OpenSearch,11474,56,178.38,1.05,0,Java,6759,4680,69.24
careercup,CtCI-6th-Edition,11459,122,0.34,0.00,0,Java,74,22,29.73
gyf-dev,ImmersionBar,11451,101,0.01,0.00,0,Java,566,435,76.86
newbee-ltd,newbee-mall,11388,72,0.04,0.00,0,Java,79,73,92.41
PaperMC,Paper,11386,116,30.87,0.00,0,Java,7100,6711,94.52
provectus,kafka-ui,11244,70,23.57,0.36,0,Java,1774,1502,84.67
jhy,jsoup,11242,189,2.02,0.11,1,Java,1567,1563,99.74
permissions-dispatcher,PermissionsDispatcher,11235,121,2.15,0.33,7,Java,484,455,94.01
mission-peace,interview,11208,134,0.54,0.00,0,Java,87,26,29.89
apereo,cas,11187,168,28.71,1.79,0,Java,0,0,0.00
H07000223,FlycoTabLayout,11128,118,0.00,0.03,2,Java,536,180,33.58
daniulive,SmarterStreaming,11115,114,0.00,0.00,0,Java,130,123,94.62
lingochamp,FileDownloader,11112,117,0.31,0.56,4,Java,1366,1190,87.12
beemdevelopment,Aegis,11063,109,3.96,0.66,0,Java,1165,1087,93.30
jfeinstein10,SlidingMenu,11050,159,0.22,0.00,4,Java,647,383,59.20
androidannotations,androidannotations,11040,164,3.36,0.00,0,Java,1658,1608,96.98
datahub-project,datahub,10999,118,89.23,0.88,0,Java,2477,2158,87.12
doocs,jvm,10959,87,0.25,0.00,0,Java,16,4,25.00
LawnchairLauncher,lawnchair,10908,102,14.18,0.29,0,Java,3899,3426,87.87
square,javapoet,10870,151,2.44,0.00,2,Java,416,324,77.88
ssssssss-team,spider-flow,10856,66,0.17,0.03,0,Java,44,34,77.27
jwtk,jjwt,10833,132,2.10,0.07,0,Java,598,573,95.82
apple,pkl,10831,20,23.75,0.80,0,Java,343,187,54.52
microg,GmsCore,10804,137,2.89,0.30,0,Java,2360,1258,53.31
alibaba,vlayout,10777,103,0.13,0.33,4,Java,503,313,62.23
aosp-mirror,platform_frameworks_base,10756,203,0.00,0.00,0,Java,0,0,0.00
asLody,VirtualApp,10737,110,1.24,0.00,0,Java,0,0,0.00
TooTallNate,Java-WebSocket,10731,188,1.64,0.10,0,Java,1074,1030,95.90
clojure,clojure,10707,183,0.01,0.00,0,Java,0,0,0.00
android-async-http,android-async-http,10635,175,0.94,0.02,7,Java,1097,977,89.06
jeasonlzy,okhttp-OkGo,10603,116,0.04,0.12,0,Java,977,515,52.71
StarRocks,starrocks,10576,48,931.90,3.17,0,Java,8838,8330,94.25
google,auto,10518,148,3.92,0.45,0,Java,493,422,85.60
lipangit,JiaoZiVideoPlayer,10494,115,0.36,0.68,5,Java,2662,2394,89.93
tbruyelle,RxPermissions,10487,120,0.31,0.09,2,Java,287,196,68.29
Activiti,Activiti,10422,156,11.69,6.41,0,Java,2402,1846,76.85
zfile-dev,zfile,10369,73,0.16,0.92,1,Java,664,617,92.92
resilience4j,resilience4j,10351,123,5.72,0.28,0,Java,1272,1024,80.50
JessYanCoding,MVPArms,10294,109,0.30,0.23,3,Java,329,281,85.41
awsdocs,aws-doc-sdk-examples,10183,109,41.00,0.00,0,Java,2364,2226,94.16
JakeWharton,ViewPagerIndicator,10108,169,0.12,0.00,1,Java,281,146,51.96
signalapp,Signal-Server,10044,141,0.18,0.00,0,Java,0,0,0.00
stanfordnlp,CoreNLP,9965,147,0.82,0.13,0,Java,1131,951,84.08
wasabeef,glide-transformations,9930,128,0.27,0.00,0,Java,156,105,67.31
googlesamples,easypermissions,9917,117,0.77,0.10,4,Java,241,205,85.06
paascloud,paascloud-master,9894,90,0.03,0.00,1,Java,125,42,33.60
uknownothingsnow,JsBridge,9888,127,0.25,0.00,3,Java,238,96,40.34
SonarSource,sonarqube,9844,176,12.43,0.37,0,Java,0,0,0.00
hackware1993,MagicIndicator,9804,111,0.05,0.11,0,Java,287,101,35.19
HarlonWang,AVLoadingIndicatorView,9769,119,0.07,0.01,4,Java,104,38,36.54
OpenFeign,feign,9729,147,10.42,0.27,2,Java,1073,851,79.31
YoKeyword,Fragmentation,9727,115,0.27,0.26,4,Java,1223,1034,84.55
lihengming,spring-boot-api-project-seed,9681,99,0.01,0.04,1,Java,198,105,53.03
xuchengsheng,spring-reading,9678,24,0.04,0.00,0,Java,32,2,6.25
perwendel,spark,9659,172,1.57,0.00,1,Java,755,551,72.98
ksoichiro,Android-ObservableScrollView,9655,130,0.14,0.00,4,Java,264,89,33.71
react-native-camera,react-native-camera,9648,125,6.17,1.15,0,Java,2382,2309,96.94
koral--,android-gif-drawable,9630,152,0.78,0.40,0,Java,688,651,94.62
bilibili,DanmakuFlameMaster,9602,145,0.28,0.03,1,Java,411,155,37.71
spinnaker,spinnaker,9573,134,11.72,0.10,0,Java,5505,5373,97.60
liaohuqiu,android-Ultra-Pull-To-Refresh,9568,130,0.15,0.06,3,Java,296,146,49.32
MyCATApache,Mycat-Server,9555,129,7.67,0.05,1,Java,1725,791,45.86
umano,AndroidSlidingUpPanel,9505,148,0.55,0.05,12,Java,829,562,67.79
crossoverJie,cim,9442,88,0.66,0.10,0,Java,97,59,60.82
pockethub,PocketHub,9384,168,2.26,0.01,8,Java,668,538,80.54
Justson,AgentWeb,9353,100,0.10,0.21,1,Java,1050,962,91.62
apache,cassandra,9351,196,0.91,0.00,0,Java,0,0,0.00
seven332,EhViewer,9311,136,0.42,0.71,0,Java,595,400,67.23
huanghaibin-dev,CalendarView,9308,102,0.08,0.01,0,Java,823,374,45.44
GcsSloop,AndroidNote,9292,116,0.09,0.00,4,Java,101,52,51.49
spring-projects,spring-security,9280,164,18.06,1.38,0,Java,13176,12114,91.94
json-path,JsonPath,9277,176,1.29,0.06,0,Java,659,314,47.65
android,testing-samples,9276,131,1.37,0.00,0,Java,233,150,64.38
cats-oss,android-gpuimage,9126,155,0.45,0.00,2,Java,420,87,20.71
flyway,flyway,9060,153,1.23,1.73,0,Java,3528,3324,94.22
didi,VirtualAPK,9041,99,0.09,0.04,0,Java,359,245,68.25
navasmdc,MaterialDesignLibrary,8975,132,0.15,0.02,4,Java,335,125,37.31
apache,jmeter,8973,184,1.99,0.05,0,Java,5392,4509,83.62
KunMinX,Jetpack-MVVM-Best-Practice,8950,71,0.99,0.00,0,Java,61,58,95.08
langchain4j,langchain4j,8882,27,49.04,1.89,0,Java,1582,1099,69.47
Freelander,Android_Data,8842,125,0.04,0.00,2,Java,7,5,71.43
nathanmarz,storm,8811,168,0.86,0.00,3,Java,0,0,0.00
laobie,StatusBarUtil,8806,115,0.05,0.00,4,Java,289,180,62.28
java-native-access,jna,8794,173,3.55,0.00,0,Java,817,718,87.88
apache,seatunnel,8760,97,43.59,0.53,0,Java,4193,4083,97.38
Blankj,awesome-java-leetcode,8717,101,0.01,0.00,4,Java,26,21,80.77
chrisbanes,Android-PullToRefresh,8689,166,0.18,0.00,13,Java,0,0,0.00
flowable,flowable-engine,8684,107,19.99,0.26,0,Java,1364,1010,74.05
ybq,Android-SpinKit,8665,114,0.11,0.00,0,Java,81,21,25.93
checkstyle,checkstyle,8662,145,56.01,1.17,0,Java,5746,4892,85.14
karatelabs,karate,8651,103,3.90,0.52,3,Java,2146,2068,96.37
apache,shenyu,8650,86,36.13,0.15,0,Java,2398,2264,94.41
shwenzhang,AndResGuard,8621,119,0.31,0.03,5,Java,474,314,66.24
react-native-image-picker,react-native-image-picker,8586,123,2.43,1.15,0,Java,1691,1403,82.97
chrisjenx,Calligraphy,8571,141,0.48,0.03,5,Java,390,308,78.97
airbnb,epoxy,8564,109,4.09,0.70,0,Java,892,587,65.81
amitshekhariitbhu,Android-Debug-Database,8561,106,0.36,0.13,2,Java,179,106,59.22
facebook,buck,8557,149,0.77,0.38,4,Java,1482,1278,86.23
dropwizard,dropwizard,8553,176,39.66,1.07,1,Java,1609,1596,99.19
junit-team,junit4,8536,200,2.36,0.07,0,Java,836,836,100.00
frohoff,ysoserial,8497,128,0.52,0.01,0,Java,108,83,76.85
google,tsunami-security-scanner,8460,63,0.27,0.43,0,Java,86,84,97.67
roughike,BottomBar,8393,114,0.59,0.04,4,Java,744,486,65.32
hs-web,hsweb-framework,8382,116,1.08,0.26,2,Java,177,171,96.61
PojavLauncherTeam,PojavLauncher,8361,66,4.42,1.91,0,Java,6157,6045,98.18
LSPosed,LSPatch,8359,54,1.17,0.17,0,Java,140,128,91.43
DImuthuUpe,AndroidPdfViewer,8352,111,0.21,0.00,0,Java,1159,455,39.26
ZCShou,GoGoGo,8351,45,1.56,0.18,0,Java,89,80,89.89
testcontainers,testcontainers-java,8311,125,40.22,0.68,0,Java,2350,1938,82.47
wildfirechat,im-server,8287,80,0.15,1.34,0,Java,702,694,98.86
apache,beam,8283,115,175.24,0.45,0,Java,7869,3486,44.30
apache,shardingsphere-elasticjob,8205,120,7.88,0.25,2,Java,1321,1201,90.92
pentaho,pentaho-kettle,8154,143,62.59,0.01,0,Java,0,0,0.00
alibaba,atlas,8153,103,0.31,0.07,0,Java,336,250,74.40
alibaba,otter,8124,145,0.32,0.07,0,Java,1049,730,69.59
alibaba,transmittable-thread-local,8120,143,2.20,0.41,0,Java,305,271,88.85
cabaletta,baritone,8120,85,4.61,1.00,0,Java,4110,3286,79.95
florent37,MaterialViewPager,8115,125,0.22,0.09,4,Java,326,146,44.79
guolindev,LitePal,8100,151,0.01,0.00,3,Java,826,728,88.14
HMCL-dev,HMCL,8086,123,11.37,2.08,0,Java,2515,2298,91.37
bytedeco,javacv,8077,137,0.88,0.09,0,Java,2146,1697,79.08
aeron-io,aeron,8067,139,5.67,0.91,0,Java,856,840,98.13
aritraroy,UltimateAndroidReference,8066,101,0.59,0.00,0,Java,12,12,100.00
Netflix,SimianArmy,7985,158,1.21,0.03,3,Java,106,67,63.21
davemorrissey,subsampling-scale-image-view,7985,145,0.21,0.14,0,Java,525,481,91.62
junixapp,XPopup,7961,81,0.02,2.73,2,Java,1233,1082,87.75
apache,tomcat,7938,167,1.35,0.00,0,Java,0,0,0.00
JakeWharton,hugo,7932,142,0.17,0.00,0,Java,120,67,55.83
apache,iceberg,7921,82,88.33,0.37,0,Java,4161,3728,89.59
dropwizard,metrics,7853,187,16.98,0.74,1,Java,660,658,99.70
HannahMitt,HomeMirror,7845,121,0.09,0.00,8,Java,53,21,39.62
software-mansion,react-native-svg,7808,116,5.77,1.06,0,Java,1782,1613,90.52
ChrisRM,material-theme-jetbrains,7799,120,0.57,0.14,0,Java,1810,1810,100.00
Graylog2,graylog2-server,7784,184,68.10,0.00,0,Java,7943,6155,77.49
trello-archive,RxLifecycle,7696,122,1.07,0.18,17,Java,181,177,97.79
goldze,MVVMHabit,7686,98,0.00,0.03,5,Java,107,89,83.18
vipshop,vjtools,7672,88,0.36,0.10,3,Java,142,108,76.06
Tencent,Shadow,7639,75,3.61,0.07,0,Java,1063,1007,94.73
krahets,LeetCode-Book,7630,45,0.00,0.00,0,Java,11,5,45.45
gedoor,MyBookshelf,7622,87,1.79,1.90,3,Java,407,181,44.47
lecho,hellocharts-android,7619,131,0.17,0.11,0,Java,509,226,44.40
google,android-classyshark,7586,119,0.82,0.14,0,Java,105,64,60.95
PowerJob,PowerJob,7581,66,0.70,0.77,0,Java,973,703,72.25
google,closure-compiler,7564,137,3.28,0.00,0,Java,2996,2096,69.96
koush,AndroidAsync,7549,157,0.59,0.00,0,Java,578,240,41.52
kaushikgopal,RxJava-Android-Samples,7530,134,0.31,0.00,5,Java,54,49,90.74
kevin-wayne,algs4,7502,121,0.06,0.00,0,Java,63,49,77.78
mapstruct,mapstruct,7482,160,5.29,0.22,0,Java,2466,2026,82.16
yuanguangxin,LeetCode,7467,68,0.01,0.00,2,Java,6,6,100.00
swagger-api,swagger-core,7451,170,8.45,0.71,0,Java,3012,2225,73.87
jeecgboot,jimureport,7445,69,0.04,0.42,0,Java,3949,3926,99.42
enso-org,enso,7436,105,54.17,4.48,0,Java,7368,6650,90.26
lenve,VBlog,7421,93,0.01,0.00,1,Java,71,21,29.58
dyc87112,SpringCloud-Learning,7402,109,0.02,0.00,10,Java,26,11,42.31
abel533,Mapper,7374,130,0.41,0.06,4,Java,829,589,71.05
leolin310148,ShortcutBadger,7356,142,0.33,0.00,6,Java,313,131,41.85
Qihoo360,RePlugin,7342,99,1.43,0.19,0,Java,905,571,63.09
gunnarmorling,1brc,7313,21,19.86,0.00,0,Java,70,42,60.00
square,dagger,7302,157,1.56,0.00,7,Java,267,208,77.90
MinecraftForge,MinecraftForge,7295,164,19.27,0.00,1,Java,4495,4380,97.44
gocd,gocd,7285,141,59.95,0.61,0,Java,3468,3410,98.33
Bearded-Hen,Android-Bootstrap,7273,142,0.34,0.04,21,Java,160,132,82.50
pedant,sweet-alert-dialog,7256,131,0.02,0.02,0,Java,195,50,25.64
crazycodeboy,TakePhoto,7243,121,0.07,0.12,4,Java,565,146,25.84
Exrick,xmall,7232,98,0.00,0.00,5,Java,58,33,56.90
geeeeeeeeek,WeChatLuckyMoney,7223,120,0.33,0.17,3,Java,0,0,0.00
AntennaPod,AntennaPod,7213,158,18.70,0.39,0,Java,4478,4164,92.99
cymcsg,UltimateRecyclerView,7207,128,0.64,0.07,4,Java,387,207,53.49
google,agera,7169,117,0.80,0.14,7,Java,50,46,92.00
NanoHttpd,nanohttpd,7160,157,0.73,0.02,0,Java,434,272,62.67
dependency-check,DependencyCheck,7159,156,15.47,0.54,0,Java,5123,4728,92.29
didi,KnowStreaming,7141,66,7.41,0.35,1,Java,654,508,77.68
ogaclejapan,SmartTabLayout,7101,127,0.12,0.00,2,Java,286,163,56.99
JakeWharton,ActionBarSherlock,7076,174,0.48,0.18,3,Java,882,797,90.36
Alluxio,alluxio,7066,153,89.76,0.40,0,Java,2231,1579,70.78
naman14,Timber,7057,123,0.72,0.04,2,Java,324,133,41.05
Genymobile,gnirehtet,7056,103,0.03,0.12,0,Java,545,250,45.87
google,error-prone,7038,133,15.35,0.43,1,Java,1807,1402,77.59
NLPchina,elasticsearch-sql,7033,133,0.72,2.05,2,Java,997,669,67.10
h2pl,JavaTutorial,7029,88,0.11,0.01,1,Java,38,29,76.32
rest-assured,rest-assured,7019,179,1.31,0.00,1,Java,1467,909,61.96
AutoMQ,automq,6994,25,83.52,2.76,0,Java,551,502,91.11
mrniko,netty-socketio,6993,164,0.68,0.12,0,Java,853,446,52.29
wiremock,wiremock,6968,167,6.30,0.31,0,Java,1553,1137,73.21
DroidPluginTeam,DroidPlugin,6962,121,0.23,0.02,0,Java,412,187,45.39
alibaba,jvm-sandbox,6920,97,0.81,0.13,3,Java,370,331,89.46
hongyangAndroid,okhttputils,6865,121,0.07,0.00,1,Java,0,0,0.00
Meituan-Dianping,walle,6847,104,0.33,0.01,1,Java,348,242,69.54
macrozheng,springcloud-learning,6825,72,0.00,0.00,0,Java,24,24,100.00
exadel-inc,CompreFace,6822,62,11.26,0.18,0,Java,302,102,33.77
rabbitmq,rabbitmq-tutorials,6804,180,2.57,0.00,1,Java,100,95,95.00
zo0r,react-native-push-notification,6789,117,1.52,0.30,7,Java,2056,1907,92.75
smuyyh,BookReader,6779,109,0.03,0.00,1,Java,241,202,83.82
junit-team,junit-framework,6779,128,11.99,0.75,0,Java,2506,2386,95.21
Angel-ML,angel,6776,101,5.47,0.19,0,Java,627,501,79.90
CoderLeixiaoshuai,java-eight-part,6758,59,0.02,0.00,1,Java,7,1,14.29
guardianproject,haven,6727,102,1.26,0.36,4,Java,296,156,52.70
markzhai,AndroidPerformanceMonitor,6726,116,0.21,0.00,4,Java,117,65,55.56
getActivity,AndroidProject,6716,83,0.00,0.20,0,Java,142,138,97.18
gzu-liyujiang,AndroidPicker,6709,119,0.18,0.48,4,Java,346,152,43.93
zouzg,mybatis-generator-gui,6706,112,0.29,0.14,0,Java,274,170,62.04
fuzhengwei,itstack-demo-design,6700,64,0.09,0.00,0,Java,32,13,40.62
527515025,springBoot,6698,106,0.00,0.00,0,Java,42,7,16.67
hongyangAndroid,AndroidAutoLayout,6676,118,0.02,0.00,5,Java,0,0,0.00
Meituan-Dianping,Leaf,6660,81,0.10,0.00,2,Java,149,92,61.74
apache,storm,6649,142,21.22,0.04,0,Java,4199,4153,98.90
yanzhenjie,AndPermission,6647,108,0.08,0.00,0,Java,662,490,74.02
Col-E,Recaf,6633,98,2.20,1.73,0,Java,673,579,86.03
spring-projects,spring-ai,6618,27,25.59,0.04,0,Java,1883,1216,64.58
quartz-scheduler,quartz,6602,114,2.43,0.04,0,Java,746,684,91.69
raphw,byte-buddy,6601,142,1.41,2.13,0,Java,1539,1486,96.56
GrenderG,Toasty,6601,104,0.27,0.18,1,Java,161,112,69.57
apache,hertzbeat,6574,43,54.42,0.14,0,Java,1072,783,73.04
apache,zeppelin,6556,126,4.13,0.00,0,Java,0,0,0.00
JesusFreke,smali,6532,156,0.35,0.00,0,Java,766,629,82.11
NLPchina,ansj_seg,6530,156,0.38,0.02,0,Java,710,664,93.52
jOOQ,jOOQ,6511,173,0.98,0.59,0,Java,18485,16355,88.48
ximsfei,Android-skin-support,6508,104,0.18,0.00,1,Java,463,361,77.97
processing,processing,6505,152,4.82,0.32,5,Java,5139,4668,90.83
MuntashirAkon,AppManager,6467,64,0.72,1.19,0,Java,1438,1276,88.73
FongMi,TV,6449,39,8.13,0.00,0,Java,0,0,0.00
getActivity,XXPermissions,6432,87,0.01,0.83,0,Java,378,377,99.74
ArthurHub,Android-Image-Cropper,6430,128,0.38,0.25,0,Java,788,442,56.09
wxiaoqi,Spring-Cloud-Platform,6430,100,0.05,0.03,0,Java,35,34,97.14
vinc3m1,RoundedImageView,6428,151,0.19,0.13,4,Java,223,223,100.00
traccar,traccar,6424,161,4.34,0.39,0,Java,4543,4153,91.42
pig-mesh,pig,6411,73,2.79,0.26,0,Java,872,585,67.09
AsyncHttpClient,async-http-client,6392,174,3.31,0.03,1,Java,1334,1240,92.95
hazelcast,hazelcast,6386,162,89.77,1.23,0,Java,8710,7502,86.13
aa112901,remusic,6360,114,0.01,0.00,5,Java,117,29,24.79
sshahine,JFoenix,6347,120,1.01,0.00,1,Java,1103,978,88.67
wasabeef,richeditor-android,6333,126,0.23,0.00,3,Java,263,46,17.49
joelittlejohn,jsonschema2pojo,6328,147,1.76,0.43,1,Java,1201,1016,84.60
vespa-engine,vespa,6326,111,289.86,2.12,0,Java,1116,908,81.36
amitshekhariitbhu,from-java-to-kotlin,6293,100,0.48,0.00,1,Java,11,6,54.55
micronaut-projects,micronaut-core,6291,90,64.39,3.44,0,Java,4109,3431,83.50
koush,ion,6275,148,0.35,0.00,4,Java,885,554,62.60
lightbend,config,6261,165,1.22,0.01,1,Java,532,298,56.02
haifengl,smile,6250,130,0.84,0.25,0,Java,652,643,98.62
648540858,wvp-GB28181-pro,6244,58,4.93,0.02,0,Java,1581,1536,97.15
hibernate,hibernate-orm,6228,179,34.97,0.60,0,Java,0,0,0.00
ityouknow,spring-cloud-examples,6226,101,0.00,0.00,0,Java,37,35,94.59
apache,flink-cdc,6213,62,20.11,0.35,0,Java,1727,1726,99.94
gephi,gephi,6196,167,0.95,0.11,0,Java,2573,2057,79.95
graphql-java,graphql-java,6195,122,15.66,0.76,0,Java,1325,1292,97.51
DerekYRC,mini-spring,6183,58,0.29,0.00,0,Java,42,13,30.95
Javen205,IJPay,6149,100,0.05,0.24,0,Java,69,57,82.61
jetlinks,jetlinks-community,6139,68,2.91,0.29,0,Java,394,356,90.36
google,grafika,6131,141,0.04,0.01,1,Java,109,55,50.46
ikew0ng,SwipeBackLayout,6126,145,0.08,0.00,4,Java,174,63,36.21
auth0,java-jwt,6118,138,2.20,0.33,5,Java,311,304,97.75
logisim-evolution,logisim-evolution,6116,132,7.84,0.23,0,Java,939,751,79.98
apache,incubator-kie-drools,6110,175,27.70,0.03,0,Java,249,192,77.11
daimajia,NumberProgressBar,6104,136,0.08,0.02,4,Java,55,33,60.00
rengwuxian,MaterialEditText,6101,131,0.21,0.15,0,Java,339,158,46.61
nayuki,QR-Code-generator,6078,113,0.04,0.04,0,Java,145,141,97.24
Vedenin,useful-java-links,6058,115,0.90,0.00,0,Java,19,18,94.74
alipay,SoloPi,6032,78,0.15,0.10,5,Java,209,75,35.89
google,j2objc,6029,140,6.76,0.01,0,Java,1138,1071,94.11
LandGrey,SpringBootVulExploit,6029,64,0.00,0.00,0,Java,9,4,44.44
singwhatiwanna,dynamic-load-apk,6029,138,0.25,0.00,0,Java,114,29,25.44
pedrovgs,EffectiveAndroidUI,6015,134,0.07,0.00,4,Java,18,14,77.78
rey5137,material,5990,129,0.19,0.08,0,Java,428,223,52.10
graphhopper,graphhopper,5985,163,6.83,0.28,0,Java,1633,1432,87.69
google,physical-web,5984,132,3.64,0.13,6,Java,393,303,77.10
robolectric,robolectric,5970,181,28.90,0.61,0,Java,2875,2479,86.23
wyouflf,xUtils3,5969,119,0.06,0.08,2,Java,712,676,94.94
vavr-io,vavr,5964,140,11.92,0.14,1,Java,1224,1140,93.14
liyifeng1994,ssm,5960,111,0.05,0.00,1,Java,46,20,43.48
obsidiandynamics,kafdrop,5956,76,4.13,0.66,0,Java,346,346,100.00
btraceio,btrace,5949,133,1.60,0.25,1,Java,435,434,99.77
springfox,springfox,5938,160,1.74,0.07,5,Java,3542,3324,93.85
apache,camel,5937,196,78.17,0.00,0,Java,0,0,0.00
javaparser,javaparser,5936,167,11.89,0.33,0,Java,2361,1938,82.08
apache,hudi,5929,105,71.54,0.30,0,Java,3444,2761,80.17
prolificinteractive,material-calendarview,5928,127,1.07,0.17,1,Java,919,693,75.41
antoniolg,androidmvp,5924,137,0.08,0.00,4,Java,18,17,94.44
google,google-java-format,5909,124,2.23,0.28,0,Java,640,502,78.44
weibocom,motan,5895,113,1.74,0.24,0,Java,794,431,54.28
journeyapps,zxing-android-embedded,5890,154,0.46,0.06,0,Java,606,499,82.34
apache,pinot,5887,136,84.82,0.15,0,Java,3146,1658,52.70
WeiYe-Jing,datax-web,5880,70,1.26,0.07,0,Java,543,246,45.30
lets-blade,blade,5878,123,1.33,0.07,6,Java,261,249,95.40
apache,iotdb,5874,82,163.06,0.56,0,Java,919,546,59.41
ZhongFuCheng3y,austin,5871,46,0.61,0.00,0,Java,38,35,92.11
opengoofy,hippo4j,5868,51,13.73,0.35,0,Java,693,593,85.57
amitshekhariitbhu,Fast-Android-Networking,5839,114,0.20,0.09,2,Java,563,344,61.10
CeuiLiSA,Pixiv-Shaft,5825,77,2.78,1.43,0,Java,509,376,73.87
ffay,lanproxy,5805,106,0.02,0.01,1,Java,168,37,22.02
Nightonke,BoomMenu,5805,114,0.03,0.00,4,Java,248,133,53.63
JSQLParser,JSqlParser,5798,171,2.35,0.22,0,Java,1605,1514,94.33
changmingxie,tcc-transaction,5796,117,0.47,0.07,0,Java,298,290,97.32
youtube,api-samples,5792,141,0.11,0.00,0,Java,363,44,12.12
LaurieWired,GhidraMCP,5790,6,1.67,0.83,0,Java,56,28,50.00
yarolegovich,DiscreteScrollView,5789,102,0.05,0.02,1,Java,193,151,78.24
apache,hive,5780,196,15.66,0.00,1,Java,0,0,0.00
JakeWharton,DiskLruCache,5776,164,0.16,0.00,3,Java,56,37,66.07
dmytrodanylyk,circular-progress-button,5772,135,0.64,0.02,4,Java,0,0,0.00
Nepxion,Discovery,5744,87,0.71,1.52,1,Java,117,104,88.89
TeamAmaze,AmazeFileManager,5743,134,10.40,0.49,0,Java,2624,2043,77.86
k0shk0sh,FastHub,5733,103,2.90,0.61,0,Java,2532,2198,86.81
Devlight,InfiniteCycleViewPager,5727,109,0.03,0.02,7,Java,80,24,30.00
jpush,aurora-imui,5716,105,1.19,0.40,1,Java,560,442,78.93
jeequan,jeepay,5714,97,0.06,0.00,0,Java,50,18,36.00
yanzhenjie,SwipeRecyclerView,5705,109,0.04,0.00,0,Java,319,206,64.58
springside,springside4,5687,163,0.20,0.02,21,Java,467,426,91.22
dromara,lamp-cloud,5683,92,0.03,0.00,0,Java,170,166,97.65
wasabeef,Blurry,5661,122,0.13,0.00,4,Java,106,23,21.70
JakeWharton,u2020,5659,142,1.47,0.00,3,Java,82,70,85.37
crazycodeboy,react-native-splash-screen,5659,108,0.44,0.11,0,Java,518,154,29.73
alibaba,spring-ai-alibaba,5658,12,92.92,0.83,0,Java,854,532,62.30
jagrosh,MusicBot,5657,109,0.55,0.35,0,Java,1040,864,83.08
hanks-zyh,HTextView,5652,117,0.12,0.00,0,Java,101,59,58.42
apache,nifi,5645,129,11.57,0.00,0,Java,0,0,0.00
redis,lettuce,5631,136,2.48,0.99,0,Java,2472,2273,91.95
ZHENFENG13,spring-boot-projects,5625,101,0.09,0.00,0,Java,11,9,81.82
daimajia,AndroidImageSlider,5620,135,0.12,0.04,4,Java,389,97,24.94
ElderDrivers,EdXposed,5604,80,0.94,0.34,0,Java,783,732,93.49
JanusGraph,janusgraph,5603,105,21.15,0.27,0,Java,1628,1120,68.80
meefik,linuxdeploy,5600,157,0.43,0.24,0,Java,1297,561,43.25
TommyLemon,Android-ZBLibrary,5599,121,0.11,0.21,0,Java,38,26,68.42
hongyangAndroid,FlowLayout,5597,121,0.06,0.00,2,Java,0,0,0.00
amlcurran,ShowcaseView,5583,157,0.45,0.08,9,Java,325,242,74.46
Suwayomi,Suwayomi-Server,5565,57,14.14,1.02,0,Java,612,515,84.15
baidu,uid-generator,5558,102,0.02,0.00,0,Java,76,49,64.47
knightliao,disconf,5554,136,0.10,0.09,1,Java,372,191,51.34
nhaarman,ListViewAnimations,5551,150,0.26,0.09,4,Java,0,0,0.00
jd-opensource,joyagent-jdgenie,5526,2,12.00,0.00,0,Java,234,135,57.69
danikula,AndroidVideoCache,5501,125,0.02,0.16,8,Java,287,141,49.13
emilsjolander,StickyListHeaders,5497,162,0.51,0.10,16,Java,377,230,61.01
wuhaoyu1990,MagicCamera,5494,116,0.00,0.00,0,Java,113,16,14.16
sockeqwe,mosby,5478,126,0.55,0.12,21,Java,263,239,90.87
00-Evan,shattered-pixel-dungeon,5476,134,0.00,0.39,0,Java,2088,2082,99.71
alibaba,jetcache,5467,101,0.56,0.66,0,Java,883,472,53.45
scribejava,scribejava,5466,180,0.77,0.05,7,Java,631,588,93.19
alibaba,freeline,5461,109,0.33,0.20,6,Java,983,802,81.59
KeepSafe,TapTargetView,5456,108,0.77,0.22,2,Java,298,247,82.89
dm77,barcodescanner,5451,139,0.22,0.04,0,Java,461,461,100.00
Jasonchenlijian,FastBle,5438,109,0.04,0.08,0,Java,577,335,58.06
motianhuo,wechat,5437,124,0.01,0.00,3,Java,54,12,22.22
201206030,novel,5437,70,0.00,0.17,0,Java,0,0,0.00
facebookarchive,rebound,5418,143,0.17,0.07,30,Java,50,27,54.00
ddd-by-examples,library,5417,80,0.39,0.00,0,Java,39,23,58.97
apache,dubbo-spring-boot-project,5406,92,1.89,0.14,3,Java,583,541,92.80
socketio,socket.io-client-java,5405,149,0.20,0.05,0,Java,718,604,84.12
apache,hbase,5380,136,41.64,0.35,0,Java,0,0,0.00
Evernote,android-job,5372,121,0.36,0.26,21,Java,0,0,0.00
facebookarchive,shimmer-android,5365,127,0.11,0.04,3,Java,105,80,76.19
mik3y,usb-serial-for-android,5365,147,0.30,0.22,1,Java,554,521,94.04
houbb,sensitive-word,5362,68,0.13,0.03,0,Java,106,101,95.28
strimzi,strimzi-kafka-operator,5358,112,53.92,1.38,0,Java,2811,2676,95.20
jgilfelt,SystemBarTint,5356,142,0.02,0.02,0,Java,0,0,0.00
apache,groovy,5354,125,8.83,0.00,0,Java,0,0,0.00
commonsguy,cw-omnibus,5351,162,0.02,0.22,3,Java,0,0,0.00
microsoft,typespec,5350,51,77.08,5.08,0,Java,3660,2734,74.70
spring-projects,spring-data-examples,5348,140,0.37,0.00,0,Java,483,464,96.07
ikarus23,MifareClassicTool,5337,151,0.75,0.05,0,Java,353,322,91.22
h6ah4i,android-advancedrecyclerview,5337,128,0.29,0.01,1,Java,454,259,57.05
XRecyclerView,XRecyclerView,5324,118,0.07,0.00,26,Java,387,149,38.50
coobird,thumbnailator,5321,122,0.00,0.00,0,Java,216,165,76.39
mybatis,generator,5312,151,5.52,0.07,0,Java,420,412,98.10
google,google-authenticator,5302,131,0.25,0.00,1,Java,669,505,75.49
evant,gradle-retrolambda,5294,145,0.22,0.26,11,Java,230,155,67.39
osmandapp,OsmAnd,5291,176,42.21,0.01,0,Java,13441,10251,76.27
LFDT-web3j,web3j,5291,108,6.21,1.10,0,Java,1218,1083,88.92
xxv,android-lifecycle,5275,137,0.00,0.00,7,Java,30,5,16.67
yixia,VitamioBundle,5273,155,0.05,0.00,4,Java,482,191,39.63
CaffeineMC,sodium,5257,67,3.39,0.60,0,Java,2617,2436,93.08
CodingDocs,springboot-guide,5254,82,0.12,0.00,1,Java,29,16,55.17
lingochamp,okdownload,5248,93,0.30,0.09,0,Java,468,212,45.30
zfdang,Android-Touch-Helper,5242,59,0.05,1.90,3,Java,88,28,31.82
Yalantis,Side-Menu.Android,5241,128,0.05,0.02,4,Java,75,58,77.33
thinkaurelius,titan,5241,163,0.80,0.00,4,Java,1125,968,86.04
razerdp,BasePopup,5234,116,0.07,0.13,0,Java,505,473,93.66
lucasr,twoway-view,5226,152,0.07,0.00,4,Java,241,92,38.17
Doikki,DKVideoPlayer,5225,101,0.16,0.32,0,Java,835,724,86.71
alibaba,QLExpress,5222,102,0.40,0.17,0,Java,302,248,82.12
huangyanbin,smartTable,5220,94,0.00,0.47,2,Java,310,110,35.48
cinit,QAuxiliary,5219,44,7.07,1.09,0,Java,920,675,73.37
rubenlagus,TelegramBots,5216,116,3.06,0.92,0,Java,881,706,80.14
Karumi,Dexter,5215,118,0.62,0.28,3,Java,185,151,81.62
Clans,FloatingActionButton,5209,126,0.22,0.11,4,Java,403,199,49.38
liquibase,liquibase,5206,170,22.06,0.61,0,Java,1974,1380,69.91
GeyserMC,Geyser,5205,74,19.31,0.00,0,Java,3921,3636,92.73
pmd,pmd,5196,158,17.02,0.68,0,Java,2734,2136,78.13
citerus,dddsample-core,5188,128,0.68,0.00,0,Java,51,25,49.02
hustcc,JS-Sorting-Algorithm,5186,104,0.17,0.00,2,Java,26,19,73.08
remkop,picocli,5184,103,5.96,0.83,0,Java,1542,1406,91.18
dunwu,db-tutorial,5179,97,0.04,0.00,0,Java,6,4,66.67
tonikelope,megabasterd,5162,108,0.06,1.93,0,Java,672,415,61.76
android,views-widgets-samples,5154,72,0.68,0.00,9,Java,190,25,13.16
square,otto,5149,159,0.36,0.00,4,Java,115,102,88.70
careercup,ctci,5147,150,0.53,0.00,1,Java,38,6,15.79
j-easy,easy-rules,5147,150,0.25,0.07,0,Java,351,273,77.78
novicezk,midjourney-proxy,5137,29,2.31,0.00,0,Java,0,0,0.00
Fuzion24,JustTrustMe,5134,134,0.13,0.01,1,Java,50,28,56.00
reactor,reactor-core,5133,118,14.46,1.78,1,Java,1847,1795,97.18
brianfrankcooper,YCSB,5131,185,2.51,0.30,1,Java,970,703,72.47
bitcoinj,bitcoinj,5129,142,3.78,0.10,1,Java,1254,917,73.13
LWJGL,lwjgl3,5119,153,0.84,0.14,0,Java,859,770,89.64
runelite,runelite,5106,113,40.92,0.00,0,Java,9377,7877,84.00
CellularPrivacy,Android-IMSI-Catcher-Detector,5088,142,2.05,0.34,0,Java,642,471,73.36
zhanglei-workspace,shopping-management-system,5086,118,0.00,0.00,0,Java,26,9,34.62
deathmarine,Luyten,5086,146,0.17,0.12,1,Java,294,111,37.76
hneemann,Digital,5085,111,0.44,0.32,0,Java,982,846,86.15
natario1,CameraView,5083,98,1.90,0.43,0,Java,1051,926,88.11
fast-excel,fastexcel,5073,11,13.00,0.45,0,Java,323,236,73.07
jindrapetrik,jpexs-decompiler,5070,136,1.39,1.26,0,Java,0,0,0.00
oshi,oshi,5069,163,11.20,1.01,0,Java,983,967,98.37
OpenTSDB,opentsdb,5061,181,3.34,0.15,2,Java,1111,587,52.84
sofastack,sofa-boot,5060,89,9.11,0.92,4,Java,432,424,98.15
diffplug,spotless,5060,125,8.95,0.28,0,Java,1142,921,80.65
wequick,Small,5050,118,0.31,0.21,7,Java,560,301,53.75
xuexiangjys,XUI,5041,80,0.25,0.29,1,Java,137,130,94.89
baomidou,dynamic-datasource,5040,89,0.98,0.20,0,Java,590,584,98.98
spring-projects,spring-authorization-server,5040,66,3.80,1.21,0,Java,1610,1543,95.84
Exrick,xpay,5030,93,0.00,0.00,0,Java,74,43,58.11
killbill,killbill,5022,155,4.97,0.97,0,Java,1237,1026,82.94
yipianfengye,android-zxingLibrary,5017,110,0.05,0.00,0,Java,261,62,23.75
Trinea,android-common,5015,159,0.04,0.01,0,Java,32,14,43.75
youlookwhat,DesignPattern,5011,107,0.02,0.00,1,Java,26,20,76.92
jankotek,mapdb,5011,157,0.45,0.00,0,Java,937,747,79.72
rubensousa,GravitySnapHelper,5005,109,0.10,0.13,7,Java,64,58,90.62
tianshiyeben,wgcloud,5005,80,0.00,0.36,0,Java,63,29,46.03
2227324689,gpmall,5000,74,1.69,0.00,0,Java,50,12,24.00
line,armeria,4995,118,32.52,2.20,0,Java,2098,1492,71.12
youlookwhat,CloudReader,4995,106,0.01,0.25,6,Java,124,119,95.97
DingMouRen,LayoutManagerGroup,4992,89,0.04,0.00,2,Java,58,17,29.31
orhanobut,dialogplus,4990,129,0.28,0.07,0,Java,154,101,65.58
spring-attic,spring-mvc-showcase,4988,171,0.05,0.00,0,Java,43,38,88.37
alibaba,UltraViewPager,4985,102,0.04,0.10,4,Java,139,84,60.43
apache,ignite,4979,127,20.45,0.00,0,Java,212,115,54.25
JodaOrg,joda-time,4975,172,1.00,0.29,1,Java,454,427,94.05
frogermcs,InstaMaterial,4970,130,0.02,0.01,3,Java,43,16,37.21
killme2008,aviatorscript,4967,174,0.45,0.30,0,Java,571,507,88.79
Devlight,NavigationTabBar,4951,114,0.09,0.11,2,Java,147,83,56.46
bisq-network,bisq,4943,138,23.60,1.03,2,Java,3246,3086,95.07
amitshekhariitbhu,RxJava2-Android-Samples,4943,109,0.23,0.00,12,Java,21,9,42.86
react-native-linear-gradient,react-native-linear-gradient,4939,126,1.35,0.14,7,Java,450,277,61.56
spring-cloud,spring-cloud-netflix,4931,134,4.65,0.18,0,Java,3281,3203,97.62
apache,calcite,4929,135,12.48,0.00,0,Java,0,0,0.00
lugg,react-native-config,4921,115,1.21,0.26,0,Java,578,266,46.02
roncoo,roncoo-pay,4918,110,0.05,0.00,0,Java,28,7,25.00
traex,RippleEffect,4915,131,0.13,0.00,0,Java,115,65,56.52
javastacks,spring-boot-best-practice,4907,82,0.00,0.00,0,Java,8,6,75.00
Ramotion,folding-cell-android,4905,113,0.15,0.00,7,Java,72,65,90.28
querydsl,querydsl,4905,169,6.30,0.21,0,Java,2050,2007,97.90
DiUS,java-faker,4894,171,1.59,0.00,3,Java,253,154,60.87
PBH-BTN,PeerBanHelper,4888,19,27.47,7.53,0,Java,459,446,97.17
Docile-Alligator,Infinity-For-Reddit,4883,86,2.36,2.09,0,Java,1012,884,87.35
cglib,cglib,4873,138,0.38,0.11,0,Java,126,51,40.48
rstudio,rstudio,4862,177,36.72,0.00,0,Java,9452,8170,86.44
orientechnologies,orientdb,4862,153,6.11,1.46,1,Java,9137,8807,96.39
react-native-webrtc,react-native-webrtc,4858,120,2.91,0.68,0,Java,1270,1237,97.40
reactive-streams,reactive-streams-jvm,4855,139,1.69,0.00,1,Java,271,249,91.88
Sayi,poi-tl,4843,126,0.25,0.11,0,Java,0,0,0.00
fuzhengwei,small-spring,4842,52,0.27,0.00,0,Java,0,0,0.00
allure-framework,allure2,4835,112,8.11,0.71,0,Java,1028,888,86.38
nextcloud,android,4830,111,56.44,2.33,0,Java,8013,6858,85.59
mcxiaoke,packer-ng-plugin,4825,118,0.05,0.01,5,Java,0,0,0.00
andkulikov,Transitions-Everywhere,4807,131,0.10,0.18,11,Java,91,85,93.41
claritylab,lucida,4798,136,0.26,0.00,8,Java,163,111,68.10
TheoKanning,openai-java,4790,60,1.67,0.37,5,Java,338,239,70.71
mock-server,mockserver,4789,151,3.26,0.00,1,Java,1127,957,84.92
saiwu-bigkoo,Android-ConvenientBanner,4776,129,0.05,0.00,21,Java,356,267,75.00
ronmamo,reflections,4767,149,0.48,0.02,1,Java,287,170,59.23
tuguangquan,mybatis,4763,130,0.04,0.00,3,Java,13,5,38.46
apache,maven,4759,196,8.46,0.13,0,Java,8378,7767,92.71
etsy,AndroidStaggeredGrid,4753,141,0.17,0.05,4,Java,165,67,40.61
nisrulz,android-tips-tricks,4748,109,0.15,0.00,0,Java,12,10,83.33
kyleduo,SwitchButton,4748,132,0.05,0.00,15,Java,124,101,81.45
spring-cloud,spring-cloud-gateway,4732,106,4.47,0.32,0,Java,2891,2481,85.82
firebase,FirebaseUI-Android,4731,122,5.69,0.54,1,Java,1283,1159,90.34
google,cameraview,4724,109,0.14,0.00,4,Java,205,57,27.80
hongyangAndroid,baseAdapter,4723,121,0.00,0.00,15,Java,125,17,13.60
zq2599,blog_demos,4715,101,1.75,0.00,0,Java,22,7,31.82
hansonwang99,Spring-Boot-In-Action,4715,80,0.01,0.00,0,Java,17,10,58.82
zlt2000,microservices-platform,4701,78,0.35,0.38,1,Java,24,16,66.67
micrometer-metrics,micrometer,4701,101,30.02,2.67,0,Java,2673,2459,91.99
spring-attic,spring-security-oauth,4701,170,0.22,0.00,11,Java,1479,933,63.08
jgilfelt,chuck,4700,103,0.08,0.05,7,Java,79,31,39.24
pardom-zz,ActiveAndroid,4680,154,0.38,0.00,4,Java,429,148,34.50
SPLWare,esProc,4666,46,0.09,0.00,0,Java,55,12,21.82
wdullaer,MaterialDateTimePicker,4661,128,0.35,0.42,37,Java,595,509,85.55
saysky,ForestBlog,4660,95,0.00,0.00,1,Java,54,41,75.93
cjlin1,libsvm,4658,144,0.00,0.00,6,Java,159,80,50.31
stleary,JSON-java,4658,177,1.34,0.14,1,Java,519,498,95.95
Heeexy,SpringBoot-Shiro-Vue,4648,94,0.05,0.00,0,Java,123,119,96.75
gabrielemariotti,cardslib,4646,144,0.08,0.19,4,Java,513,345,67.25
romandanylyk,PageIndicatorView,4640,109,0.13,0.13,3,Java,114,71,62.28
bytedeco,javacpp,4635,137,1.05,0.09,1,Java,536,444,82.84
deepjavalibrary,djl,4633,71,32.62,0.49,1,Java,934,738,79.01
gsantner,markor,4628,97,7.27,0.78,0,Java,1391,1266,91.01
oracle,opengrok,4626,152,12.40,1.93,0,Java,2556,2035,79.62
Netflix,ribbon,4617,152,1.26,0.27,9,Java,256,79,30.86
TGX-Android,Telegram-X,4615,49,4.00,0.10,0,Java,467,291,62.31
bepass-org,oblivion,4614,19,2.47,0.63,0,Java,483,272,56.31
981011512,--,4612,63,0.00,0.00,0,Java,29,10,34.48
SplashCodes,JAViewer,4610,112,0.04,0.09,1,Java,321,279,86.92
apache,rocketmq-externals,4606,102,2.80,0.00,5,Java,489,415,84.87
yasserg,crawler4j,4606,165,0.55,0.02,1,Java,289,142,49.13
chewiebug,GCViewer,4583,167,0.38,0.03,1,Java,178,111,62.36
RedSpider1,concurrent,4579,82,0.63,0.00,0,Java,93,82,88.17
CalebFenton,simplify,4579,140,0.11,0.06,0,Java,147,115,78.23
puniverse,quasar,4578,150,0.23,0.12,5,Java,284,196,69.01
chentao0707,SimplifyReader,4571,121,0.09,0.00,0,Java,85,45,52.94
javagrowing,JGrowing,4568,79,0.18,0.00,3,Java,25,8,32.00
rememberber,WePush,4567,99,2.32,0.59,0,Java,53,26,49.06
angryip,ipscan,4567,171,0.25,0.18,0,Java,403,237,58.81
zhanghai,Douya,4563,115,0.00,0.10,10,Java,112,95,84.82
dromara,dynamic-tp,4558,44,5.73,0.43,0,Java,282,264,93.62
go-lang-plugin-org,go-lang-idea-plugin,4551,181,2.61,0.12,15,Java,2267,1859,82.00
objectbox,objectbox-java,4550,104,0.07,0.46,1,Java,1183,1032,87.24
discord-jda,JDA,4549,117,11.73,0.94,0,Java,964,938,97.30
square,sqlbrite,4548,127,0.87,0.07,43,Java,126,121,96.03
charles2gan,GDA-android-reversing-Tool,4545,95,0.01,0.42,1,Java,178,126,70.79
danielzeller,Depth-LIB-Android-,4544,113,0.06,0.00,6,Java,16,5,31.25
SuperMonster003,AutoJs6,4539,45,0.33,0.44,0,Java,407,155,38.08
jdamcd,android-crop,4538,138,0.18,0.04,4,Java,231,125,54.11
alibaba,dexposed,4529,123,0.02,0.00,0,Java,70,51,72.86
JZ-Darkal,AndroidHttpCapture,4528,107,0.00,0.01,0,Java,92,51,55.43
hussien89aa,AndroidTutorialForBeginners,4527,108,0.00,0.00,0,Java,28,5,17.86
castorflex,SmoothProgressBar,4521,142,0.11,0.06,0,Java,87,75,86.21
Flipboard,bottomsheet,4518,125,0.35,0.08,29,Java,144,93,64.58
tiann,epic,4517,100,0.12,0.05,0,Java,0,0,0.00
azkaban,azkaban,4514,155,11.43,0.31,1,Java,1095,401,36.62
ant-media,Ant-Media-Server,4512,102,10.66,0.63,0,Java,5548,4286,77.25
phishman3579,java-algorithms-implementation,4509,142,0.36,0.00,5,Java,42,29,69.05
zhkl0228,unidbg,4505,79,0.42,0.19,0,Java,667,267,40.03
HotBitmapGG,bilibili-android-client,4499,111,0.01,0.01,11,Java,68,59,86.76
zongzibinbin,MallChat,4484,30,2.23,0.00,0,Java,56,17,30.36
JakeWharton,NineOldAndroids,4479,165,0.03,0.00,0,Java,66,36,54.55
Meituan-Dianping,Robust,4459,102,0.77,0.13,2,Java,389,233,59.90
janishar,android-mvp-architecture,4446,104,0.13,0.00,9,Java,74,41,55.41
square,android-times-square,4439,152,0.74,0.00,21,Java,351,328,93.45
h2database,h2database,4438,125,13.14,0.18,0,Java,2420,2033,84.01
linhaojun857,aurora,4436,37,2.84,0.00,0,Java,62,43,69.35
dreamhead,moco,4427,155,0.19,0.01,1,Java,265,127,47.92
Tencent,GT,4414,116,0.03,0.03,6,Java,90,22,24.44
water8394,flink-recommandSystem-demo,4413,76,0.12,0.00,3,Java,40,28,70.00
airbnb,DeepLinkDispatch,4407,123,1.34,0.20,3,Java,181,123,67.96
jacoco,jacoco,4402,158,4.56,0.31,0,Java,992,858,86.49
apache,shiro,4401,193,8.53,0.07,0,Java,113,94,83.19
IoT-Technology,IoT-Technical-Guide,4400,77,0.08,0.00,0,Java,8,7,87.50
Freeyourgadget,Gadgetbridge,4396,128,1.84,0.00,0,Java,0,0,0.00
robinhood,ticker,4389,110,0.45,0.08,7,Java,81,65,80.25
flutter-webrtc,flutter-webrtc,4368,90,4.68,1.47,0,Java,1342,699,52.09
Ashok-Varma,BottomNavigation,4366,114,0.16,0.14,0,Java,201,175,87.06
awangdev,leet-code,4355,125,0.01,0.00,1,Java,9,9,100.00
pytorch,serve,4347,71,17.97,0.34,1,Java,1661,1275,76.76
eirslett,frontend-maven-plugin,4322,145,1.41,0.00,0,Java,817,520,63.65
jeasonlzy,ImagePicker,4315,116,0.08,0.04,6,Java,281,120,42.70
booklore-app,booklore,4315,9,46.33,9.56,0,Java,575,375,65.22
mywalkb,LSPosed_mod,4311,42,0.67,0.24,0,Java,98,51,52.04
bingoogolapple,BGARefreshLayout-Android,4311,124,0.18,0.03,4,Java,158,63,39.87
kermitt2,grobid,4294,156,1.90,0.14,0,Java,947,573,60.51
crate,crate,4287,149,97.66,0.93,0,Java,2283,1984,86.90
dragonwell-project,dragonwell8,4285,78,2.17,0.51,0,Java,499,341,68.34
mcxiaoke,android-volley,4283,148,0.05,0.00,43,Java,139,78,56.12
ThirtyDegreesRay,OpenHub,4283,98,0.31,0.32,2,Java,360,124,34.44
brianway,java-learning,4275,115,0.03,0.00,3,Java,8,6,75.00
Snailclimb,guide-rpc-framework,4275,64,0.38,0.00,0,Java,41,18,43.90
bjmashibing,InternetArchitect,4273,71,0.00,0.00,2,Java,5,1,20.00
failsafe-lib,failsafe,4271,123,0.42,0.00,1,Java,311,246,79.10
ongakuer,CircleIndicator,4271,134,0.05,0.05,4,Java,142,119,83.80
aporter,coursera-android,4265,140,0.04,0.00,20,Java,66,19,28.79
grantland,android-autofittextview,4263,175,0.03,0.01,0,Java,85,35,41.18
jitsi,jitsi,4253,149,1.26,0.05,2,Java,510,301,59.02
201206030,novel-plus,4245,64,0.09,0.53,0,Java,0,0,0.00
google,open-location-code,4241,132,2.43,0.04,0,Java,273,242,88.64
camunda,camunda-bpm-platform,4239,152,12.30,0.00,0,Java,2364,1449,61.29
jlegewie,zotfile,4227,165,0.50,0.20,0,Java,548,271,49.45
s4kibs4mi,java-developer-roadmap,4220,77,0.08,0.00,1,Java,10,10,100.00
mybatis,spring-boot-starter,4215,120,5.21,0.27,1,Java,430,407,94.65
ChadCSong,ShineButton,4215,110,0.05,0.02,21,Java,52,26,50.00
jboss-javassist,javassist,4214,148,0.53,0.16,1,Java,388,153,39.43
nining377,dolby_beta,4200,64,0.25,0.58,0,Java,358,160,44.69
hugeterry,CoordinatorTabLayout,4199,104,0.00,0.00,8,Java,37,22,59.46
yhaolpz,FloatWindow,4198,94,0.03,0.10,6,Java,138,43,31.16
codingapi,tx-lcn,4198,94,0.77,0.15,3,Java,474,279,58.86
microsoft,malmo,4197,112,1.68,0.19,0,Java,712,546,76.69
apache,streampark,4192,76,29.84,0.38,2,Java,1542,1276,82.75
powermock,powermock,4192,136,0.96,0.12,2,Java,985,543,55.13
Jacksgong,JKeyboardPanelSwitch,4191,122,0.02,0.11,13,Java,108,47,43.52
zendesk,maxwell,4183,127,6.37,1.69,0,Java,1139,930,81.65
bingoogolapple,BGABanner-Android,4182,131,0.28,0.00,10,Java,221,167,75.57
aws,aws-sdk-java,4179,186,1.29,0.00,1,Java,2361,2359,99.92
oddfar,campus-imaotai,4166,26,0.85,0.42,7,Java,326,274,84.05
pedrovgs,AndroidWiFiADB,4147,119,0.08,0.07,18,Java,62,39,62.90
dromara,hmily,4144,96,1.56,0.00,0,Java,187,135,72.19
ReVanced,revanced-patches,4140,21,39.52,30.57,0,Java,4714,4413,93.61
alibaba,fastjson2,4139,41,27.73,1.41,0,Java,2078,1516,72.95
geoserver,geoserver,4132,166,46.37,0.37,0,Java,0,0,0.00
tencentmusic,supersonic,4131,27,53.22,0.56,0,Java,842,547,64.96
dinuscxj,LoadingDrawable,4117,113,0.01,0.00,11,Java,21,11,52.38
alibaba,Tangram-Android,4110,102,0.08,0.37,0,Java,198,126,63.64
pqpo,SmartCropper,4091,97,0.08,0.13,0,Java,138,103,74.64
karma9874,AndroRAT,4090,66,0.14,0.00,0,Java,377,369,97.88
Manabu-GT,ExpandableTextView,4089,136,0.04,0.03,13,Java,61,21,34.43
code4craft,tiny-spring,4081,140,0.03,0.00,3,Java,27,3,11.11
DTStack,chunjun,4081,89,5.29,0.34,1,Java,1219,916,75.14
qunarcorp,bistoury,4079,73,0.38,0.11,0,Java,106,49,46.23
rubensousa,ViewPagerCards,4079,109,0.00,0.00,0,Java,29,14,48.28
oblac,jodd,4071,156,1.44,0.24,4,Java,516,513,99.42
luckybilly,CC,4046,94,0.26,0.00,6,Java,165,140,84.85
oldmanpushcart,greys-anatomy,4025,154,0.35,0.00,5,Java,231,165,71.43
xcltapestry,XCL-Charts,4022,135,0.01,0.00,13,Java,17,7,41.18
jMonkeyEngine,jmonkeyengine,4014,138,8.34,0.55,1,Java,1070,848,79.25
BoltsFramework,Bolts-Android,4011,140,0.52,0.08,7,Java,58,37,63.79
lcodecorex,TwinklingRefreshLayout,4008,114,0.00,0.00,2,Java,195,85,43.59
JabRef,jabref,4005,138,56.77,0.33,0,Java,4728,4190,88.62
Yalantis,Phoenix,4000,128,0.01,0.01,4,Java,41,30,73.17
knowm,XChange,3998,163,16.85,0.00,1,Java,1760,1455,82.67
jetty,jetty.project,3997,170,32.37,0.76,0,Java,6321,6047,95.67
jbloch,effective-java-3e-source-code,3996,85,0.00,0.00,0,Java,13,2,15.38
makovkastar,FloatingActionButton,3995,134,0.16,0.00,10,Java,178,106,59.55
Piasy,BigImageViewer,3987,106,0.29,0.00,4,Java,210,173,82.38
LibrePDF,OpenPDF,3985,110,6.24,0.75,0,Java,554,412,74.37
orhanobut,hawk,3983,127,0.39,0.17,0,Java,177,132,74.58
freeok,so-novel,3983,40,0.28,1.12,0,Java,165,152,92.12
qstumn,BadgeView,3982,103,0.01,0.05,4,Java,102,52,50.98
mercyblitz,tech-weekly,3980,81,0.01,0.00,1,Java,18,7,38.89
bitcoin-wallet,bitcoin-wallet,3979,162,0.04,0.00,0,Java,0,0,0.00
JeremyLiao,LiveEventBus,3964,86,0.03,0.00,0,Java,175,51,29.14
zzhoujay,RichText,3960,122,0.02,0.00,2,Java,384,251,65.36
rovo89,XposedInstaller,3958,161,0.24,0.00,0,Java,200,106,53.00
lukas-krecan,ShedLock,3956,105,18.95,0.00,0,Java,416,393,94.47
syncthing,syncthing-android,3956,139,2.84,2.39,0,Java,1398,1246,89.13
NotFound9,interviewGuide,3956,113,0.03,0.00,1,Java,15,3,20.00
awaitility,awaitility,3955,188,0.39,0.00,1,Java,159,92,57.86
torakiki,pdfsam,3954,144,0.69,0.46,0,Java,607,496,81.71
binIoter,GuideView,3954,111,0.00,0.00,19,Java,79,55,69.62
fishercoder1534,Leetcode,3954,110,0.95,0.00,2,Java,21,19,90.48
lilishop,lilishop,3954,52,2.21,0.06,1,Java,17,9,52.94
RipMeApp,ripme,3951,104,6.00,1.38,1,Java,1349,862,63.90
tronprotocol,java-tron,3947,93,37.68,0.86,0,Java,1682,1663,98.87
JoanZapata,android-iconify,3945,147,0.10,0.00,0,Java,182,129,70.88
googlesamples,mlkit,3934,64,0.55,0.02,0,Java,817,630,77.11
rengwuxian,RxJavaSamples,3928,114,0.04,0.03,37,Java,24,2,8.33
linyiqun,DataMiningAlgorithm,3925,128,0.00,0.00,0,Java,3,1,33.33
Querz,mcaselector,3920,89,1.15,0.81,0,Java,425,236,55.53
pingfangushi,screw,3919,63,0.10,0.00,1,Java,67,16,23.88
promeG,TinyPinyin,3916,120,0.01,0.02,0,Java,70,30,42.86
bluelinelabs,Conductor,3906,114,0.80,0.32,0,Java,555,459,82.70
JFormDesigner,FlatLaf,3901,73,1.51,1.19,0,Java,886,826,93.23
iterate-ch,cyberduck,3898,104,22.02,0.00,0,Java,12214,11771,96.37
alibaba,jstorm,3894,144,0.21,0.15,21,Java,590,387,65.59
JavaNoober,BackgroundLibrary,3894,84,0.04,0.15,10,Java,163,150,92.02
sofastack,sofa-rpc,3893,89,7.47,0.71,2,Java,655,629,96.03
databricks,learning-spark,3892,135,0.04,0.00,1,Java,27,8,29.63
shuzijun,leetcode-editor,3892,78,1.32,0.71,0,Java,606,480,79.21
Exrick,xboot,3888,89,0.01,0.07,8,Java,56,47,83.93
vipulasri,Timeline-View,3887,117,0.08,0.13,6,Java,90,90,100.00
amirzaidi,Launcher3,3885,100,0.04,0.22,0,Java,644,511,79.35
VaughnVernon,IDDD_Samples,3882,149,0.04,0.00,8,Java,37,7,18.92
ReChronoRain,HyperCeiler,3867,23,19.96,0.30,0,Java,773,623,80.60
wendux,DSBridge-Android,3855,104,0.06,0.02,0,Java,191,90,47.12
M66B,FairEmail,3846,85,0.49,11.76,0,Java,0,0,0.00
uber,NullAway,3842,96,7.71,0.31,0,Java,470,340,72.34
aurelhubert,ahbottomnavigation,3830,114,0.25,0.12,4,Java,382,250,65.45
MiguelCatalan,MaterialSearchView,3829,120,0.07,0.05,34,Java,215,67,31.16
kubernetes-client,java,3827,100,24.29,0.55,0,Java,1316,1283,97.49
google,bundletool,3820,88,0.09,0.72,0,Java,342,271,79.24
uknownothingsnow,CircleProgress,3819,131,0.16,0.00,4,Java,119,37,31.09
yanzhenjie,AndServer,3817,111,0.12,0.01,5,Java,546,403,73.81
react-native-share,react-native-share,3815,120,3.94,1.16,0,Java,1122,1108,98.75
ZHENFENG13,My-Blog,3812,78,0.03,0.00,0,Java,134,119,88.81
jishenghua,jshERP,3796,108,0.00,0.06,0,Java,88,33,37.50
sunfusheng,MarqueeView,3792,111,0.07,0.00,7,Java,91,48,52.75
shopizer-ecommerce,shopizer,3791,154,0.85,0.12,0,Java,416,223,53.61
camunda,camunda,3790,114,196.47,4.05,0,Java,12357,10187,82.44
Dimezis,BlurView,3785,113,0.11,0.27,1,Java,215,207,96.28
gh0stkey,HaE,3783,66,0.06,1.17,0,Java,248,247,99.60
mpusher,mpush,3780,113,0.01,0.08,0,Java,38,16,42.11
fesh0r,fernflower,3776,131,0.00,0.00,0,Java,0,0,0.00
lygttpod,SuperTextView,3774,107,0.03,0.36,15,Java,197,173,87.82
mcxtzhang,SwipeDelMenuLayout,3773,109,0.00,0.02,1,Java,92,41,44.57
watabou,pixel-dungeon,3769,134,0.02,0.00,1,Java,73,30,41.10
CameraKit,blurkit-android,3768,106,0.09,0.03,1,Java,71,38,53.52
MovingBlocks,Terasology,3756,174,15.08,0.40,0,Java,2094,1656,79.08
Ereza,CustomActivityOnCrash,3756,134,0.07,0.09,4,Java,78,72,92.31
Helium314,HeliBoard,3753,42,7.43,1.17,0,Java,1168,683,58.48
roboguice,roboguice,3752,157,0.25,0.00,44,Java,279,143,51.25
timehop,sticky-headers-recyclerview,3751,131,0.19,0.00,0,Java,130,57,43.85
zhpanvip,BannerViewPager,3746,102,0.50,0.58,0,Java,290,284,97.93
apache,kylin,3742,128,13.74,0.02,0,Java,0,0,0.00
sofastack,sofa-jraft,3741,78,5.31,0.41,2,Java,690,639,92.61
andOTP,andOTP,3741,98,1.53,0.39,1,Java,780,598,76.67
RoaringBitmap,RoaringBitmap,3731,147,2.71,0.27,2,Java,345,273,79.13
spotbugs,spotbugs,3729,106,18.24,0.65,0,Java,1355,946,69.82
AsamK,signal-cli,3728,124,0.94,0.82,0,Java,1258,1165,92.61
JCTools,JCTools,3726,142,0.84,0.13,0,Java,242,197,81.40
ethanhua,Skeleton,3725,98,0.02,0.00,6,Java,55,31,56.36
Atmosphere,atmosphere,3721,183,1.66,0.00,7,Java,2135,2093,98.03
willowtreeapps,spruce-android,3719,103,0.89,0.03,4,Java,27,26,96.30
ageerle,ruoyi-ai,3717,20,3.25,0.30,0,Java,97,80,82.47
ByteLegend,ByteLegend,3717,55,0.38,0.00,7,Java,102,59,57.84
stfalcon-studio,ChatKit,3715,103,0.26,0.01,1,Java,310,198,63.87
ryanhoo,StylishMusicPlayer,3710,108,0.02,0.00,1,Java,36,14,38.89
liuyubobobo,Play-with-Algorithms,3707,110,0.02,0.00,3,Java,27,27,100.00
yanzhenjie,NoHttp,3704,122,0.00,0.00,2,Java,229,153,66.81
rbmonster,learning-note,3695,63,0.29,0.00,0,Java,8,8,100.00
undertow-io,undertow,3691,158,7.71,0.06,0,Java,0,0,0.00
jtablesaw,tablesaw,3686,116,3.68,0.68,0,Java,735,603,82.04
yangfuhai,ASimpleCache,3678,146,0.03,0.00,4,Java,34,4,11.76
javahuang,SurveyKing,3677,48,0.00,0.06,0,Java,73,23,31.51
lihangleo2,ShadowLayout,3672,74,0.00,0.38,2,Java,191,185,96.86
networknt,light-4j,3672,108,10.19,1.78,5,Java,1387,1361,98.13
lisawray,groupie,3672,108,1.07,0.26,4,Java,298,234,78.52
helidon-io,helidon,3671,85,65.39,1.51,0,Java,4392,3845,87.55
google,rejoiner,3670,93,0.53,0.03,6,Java,64,24,37.50
Creators-of-Create,Create,3670,74,7.19,0.00,0,Java,8114,7135,87.93
nICEnnnnnnnLee,BilibiliDown,3669,80,0.53,1.00,0,Java,224,214,95.54
dingjikerbo,Android-BluetoothKit,3669,119,0.02,0.00,0,Java,180,66,36.67
KunMinX,Linkage-RecyclerView,3668,77,0.01,0.00,6,Java,62,58,93.55
linkedin,databus,3665,153,0.21,0.00,0,Java,88,57,64.77
yacy,yacy_search_server,3663,126,1.27,0.00,0,Java,527,319,60.53
grpc-ecosystem,grpc-spring,3663,105,4.53,0.32,0,Java,622,481,77.33
coderbruis,JavaSourceCodeLearning,3663,63,0.10,0.00,0,Java,16,11,68.75
PlexPt,chatgpt-java,3647,33,1.52,0.73,0,Java,141,109,77.30
litesuits,android-common,3643,136,0.02,0.00,6,Java,19,7,36.84
tchiotludo,akhq,3640,84,7.15,0.50,0,Java,1111,906,81.55
huburt-Hu,NewbieGuide,3624,98,0.03,0.20,0,Java,206,108,52.43
apache,incubator-heron,3621,120,20.33,0.47,17,Java,1053,678,64.39
microservices-patterns,ftgo-application,3618,95,0.23,0.00,0,Java,118,42,35.59
rockerhieu,emojicon,3616,140,0.16,0.01,0,Java,151,74,49.01
FasterXML,jackson-databind,3615,165,6.92,0.00,0,Java,3619,3255,89.94
blossom-editor,blossom,3609,25,0.48,0.76,0,Java,172,166,96.51
spockframework,spock,3608,177,4.83,0.15,2,Java,999,802,80.28
alibaba,Alink,3606,84,0.04,0.26,15,Java,214,162,75.70
Mojang,brigadier,3599,132,0.23,0.02,0,Java,65,27,41.54
tyrantgit,ExplosionField,3595,120,0.02,0.00,4,Java,25,2,8.00
kikoso,android-stackblur,3592,145,0.09,0.00,18,Java,38,25,65.79
uncle-novel,uncle-novel,3590,81,0.11,0.01,0,Java,91,65,71.43
mbechler,marshalsec,3589,100,0.06,0.00,1,Java,35,31,88.57
dtinit,data-transfer-project,3588,92,10.74,0.66,0,Java,279,234,83.87
dongjunkun,DropDownMenu,3587,123,0.00,0.02,1,Java,70,16,22.86
spring-io,initializr,3583,147,0.16,0.12,1,Java,1124,1086,96.62
vert-x3,vertx-examples,3583,127,1.60,0.00,0,Java,225,191,84.89
hmkcode,Android,3578,144,0.00,0.00,0,Java,39,3,7.69
googlemaps,android-maps-utils,3577,148,4.27,0.36,0,Java,624,589,94.39
WVector,AppUpdate,3574,99,0.10,0.03,7,Java,134,50,37.31
davideas,FlexibleAdapter,3572,124,0.22,0.24,1,Java,733,674,91.95
JakeWharton,ThreeTenABP,3570,122,0.29,0.00,3,Java,92,88,95.65
IrisShaders,Iris,3566,59,7.27,2.37,1,Java,2010,1520,75.62
OpenHFT,Chronicle-Queue,3566,147,5.09,3.63,0,Java,772,752,97.41
code4craft,netty-learning,3560,144,0.01,0.00,14,Java,6,3,50.00
fabric8io,kubernetes-client,3558,122,30.58,1.01,0,Java,2800,2718,97.07
bilibili,MagicaSakura,3557,111,0.04,0.03,6,Java,66,43,65.15
dropbox,hackpad,3556,121,0.12,0.00,3,Java,56,11,19.64
johncarl81,parceler,3544,146,0.50,0.00,7,Java,319,287,89.97
DataLinkDC,dinky,3543,51,46.10,0.61,0,Java,1699,1522,89.58
arimorty,floatingsearchview,3536,118,0.14,0.00,9,Java,281,219,77.94
LinShunKang,MyPerf4J,3534,90,0.11,0.26,7,Java,97,92,94.85
anggrayudi,android-hidden-api,3533,120,0.03,0.02,2,Java,90,49,54.44
fyhertz,libstreaming,3533,152,0.09,0.00,0,Java,288,57,19.79
luontola,retrolambda,3531,146,0.15,0.00,16,Java,124,107,86.29
andremion,Music-Player,3525,112,0.03,0.02,4,Java,20,17,85.00
HelloWorld521,Java,3524,105,0.02,0.00,0,Java,48,15,31.25
springdoc,springdoc-openapi,3524,74,3.74,1.28,0,Java,2527,2525,99.92
apache,logging-log4j2,3521,147,11.33,0.10,0,Java,619,458,73.99
spring-cloud,spring-cloud-kubernetes,3518,105,8.66,0.30,0,Java,777,739,95.11
lsjwzh,RecyclerViewPager,3518,128,0.28,0.08,0,Java,189,68,35.98
dariuszseweryn,RxAndroidBle,3515,115,1.96,0.52,0,Java,595,540,90.76
immutables,immutables,3515,146,2.17,0.10,4,Java,1233,796,64.56
Netflix,maestro,3513,17,3.35,0.00,0,Java,75,52,69.33
nytimes,Store,3512,106,1.79,0.00,9,Java,161,132,81.99
codeestX,GeekNews,3509,109,0.04,0.00,26,Java,138,90,65.22
baoyongzhang,SwipeMenuListView,3507,133,0.08,0.02,41,Java,157,29,18.47
1024-lab,smart-admin,3500,70,0.04,0.31,0,Java,36,33,91.67
lenve,JavaEETest,3497,105,0.00,0.00,1,Java,16,9,56.25
cSploit,android,3495,131,0.59,0.25,0,Java,1003,620,61.81
KingJA,LoadSir,3492,96,0.16,0.06,27,Java,153,133,86.93
TNG,ArchUnit,3485,101,5.70,0.43,0,Java,600,462,77.00
AxonFramework,AxonFramework,3483,165,11.85,0.82,0,Java,1404,1209,86.11
dromara,liteflow,3482,66,0.02,0.00,1,Java,70,24,34.29
ittianyu,BottomNavigationViewEx,3477,106,0.08,0.18,2,Java,198,145,73.23
phodal,migration,3464,68,0.10,0.00,2,Java,3,3,100.00
ferredoxin,QNotified,3462,78,8.72,0.36,0,Java,584,496,84.93
rubensousa,PreviewSeekBar,3462,104,0.10,0.10,5,Java,46,36,78.26
Grt1228,chatgpt-java,3460,31,1.45,0.32,0,Java,234,169,72.22
eclipse-openj9,openj9,3459,97,126.95,0.55,0,Java,9028,6401,70.90
alamkanak,Android-Week-View,3448,132,0.27,0.03,3,Java,490,308,62.86
Netflix,concurrency-limits,3447,93,1.43,1.10,0,Java,58,19,32.76
crossoverJie,SSM,3441,111,0.08,0.09,11,Java,33,28,84.85
guolindev,giffun,3433,80,0.00,0.00,56,Java,69,42,60.87
apache,fory,3433,29,48.28,1.62,0,Java,1045,865,82.78
sherxon,AlgoDS,3431,105,0.26,0.00,4,Java,13,8,61.54
RikkaApps,Sui,3431,56,0.05,0.38,0,Java,103,54,52.43
rom1v,sndcpy,3431,63,0.00,0.03,0,Java,271,99,36.53
xcc3641,SeeWeather,3427,115,0.03,0.02,25,Java,0,0,0.00
WinterChenS,my-site,3423,88,0.25,0.00,1,Java,63,58,92.06
freeplane,freeplane,3421,156,0.79,0.06,0,Java,1315,919,69.89
GitLqr,LQRWeChat,3421,103,0.00,0.00,16,Java,0,0,0.00
woxingxiao,BubbleSeekBar,3419,106,0.04,0.11,1,Java,202,146,72.28
google,volley,3414,104,1.06,0.09,4,Java,298,271,90.94
openhab,openhab1-addons,3413,144,18.42,0.10,1,Java,2791,2554,91.51
apache,incubator-kie-optaplanner,3412,175,14.75,0.03,0,Java,0,0,0.00
getActivity,Toaster,3412,84,0.00,0.43,0,Java,150,149,99.33
yigit,android-priority-jobqueue,3391,135,0.46,0.00,13,Java,393,256,65.14
